--------------------------------------------------------
-- Archivo creado  - domingo-noviembre-17-2024   
--------------------------------------------------------
--------------------------------------------------------
--  DDL for Table ARMA
--------------------------------------------------------

  CREATE TABLE "USUARIO01"."ARMA" 
   (	"ID_ARMA" NUMBER, 
	"FUERZA" NUMBER, 
	"NOMBRE" VARCHAR2(15 BYTE)
   ) SEGMENT CREATION IMMEDIATE 
  PCTFREE 10 PCTUSED 40 INITRANS 1 MAXTRANS 255 
 NOCOMPRESS LOGGING
  STORAGE(INITIAL 65536 NEXT 1048576 MINEXTENTS 1 MAXEXTENTS 2147483645
  PCTINCREASE 0 FREELISTS 1 FREELIST GROUPS 1
  BUFFER_POOL DEFAULT FLASH_CACHE DEFAULT CELL_FLASH_CACHE DEFAULT)
  TABLESPACE "PROYECTO_CURSO" ;
--------------------------------------------------------
--  DDL for Table ASIGNARPERSONAJE
--------------------------------------------------------

  CREATE TABLE "USUARIO01"."ASIGNARPERSONAJE" 
   (	"ID_USER" NUMBER, 
	"ID_PERSONAJE" NUMBER
   ) SEGMENT CREATION IMMEDIATE 
  PCTFREE 10 PCTUSED 40 INITRANS 1 MAXTRANS 255 
 NOCOMPRESS LOGGING
  STORAGE(INITIAL 65536 NEXT 1048576 MINEXTENTS 1 MAXEXTENTS 2147483645
  PCTINCREASE 0 FREELISTS 1 FREELIST GROUPS 1
  BUFFER_POOL DEFAULT FLASH_CACHE DEFAULT CELL_FLASH_CACHE DEFAULT)
  TABLESPACE "PROYECTO_CURSO" ;
--------------------------------------------------------
--  DDL for Table CATEGORIAS
--------------------------------------------------------

  CREATE TABLE "USUARIO01"."CATEGORIAS" 
   (	"ID_CATEGORIA" VARCHAR2(10 BYTE), 
	"NOMBRE" VARCHAR2(20 BYTE)
   ) SEGMENT CREATION IMMEDIATE 
  PCTFREE 10 PCTUSED 40 INITRANS 1 MAXTRANS 255 
 NOCOMPRESS LOGGING
  STORAGE(INITIAL 65536 NEXT 1048576 MINEXTENTS 1 MAXEXTENTS 2147483645
  PCTINCREASE 0 FREELISTS 1 FREELIST GROUPS 1
  BUFFER_POOL DEFAULT FLASH_CACHE DEFAULT CELL_FLASH_CACHE DEFAULT)
  TABLESPACE "PROYECTO_CURSO" ;
--------------------------------------------------------
--  DDL for Table MUNDO
--------------------------------------------------------

  CREATE TABLE "USUARIO01"."MUNDO" 
   (	"ID_MUNDO" NUMBER, 
	"NOMBRE" VARCHAR2(20 BYTE), 
	"FONDO" VARCHAR2(20 BYTE), 
	"PISO" VARCHAR2(20 BYTE), 
	"ID_CATEGORIA" VARCHAR2(10 BYTE)
   ) SEGMENT CREATION IMMEDIATE 
  PCTFREE 10 PCTUSED 40 INITRANS 1 MAXTRANS 255 
 NOCOMPRESS LOGGING
  STORAGE(INITIAL 65536 NEXT 1048576 MINEXTENTS 1 MAXEXTENTS 2147483645
  PCTINCREASE 0 FREELISTS 1 FREELIST GROUPS 1
  BUFFER_POOL DEFAULT FLASH_CACHE DEFAULT CELL_FLASH_CACHE DEFAULT)
  TABLESPACE "PROYECTO_CURSO" ;
--------------------------------------------------------
--  DDL for Table NPCS
--------------------------------------------------------

  CREATE TABLE "USUARIO01"."NPCS" 
   (	"ID_NPC" NUMBER, 
	"NOMBRE" VARCHAR2(15 BYTE), 
	"VIDA" NUMBER, 
	"FUERZA" NUMBER, 
	"DEFENSA" NUMBER
   ) SEGMENT CREATION IMMEDIATE 
  PCTFREE 10 PCTUSED 40 INITRANS 1 MAXTRANS 255 
 NOCOMPRESS LOGGING
  STORAGE(INITIAL 65536 NEXT 1048576 MINEXTENTS 1 MAXEXTENTS 2147483645
  PCTINCREASE 0 FREELISTS 1 FREELIST GROUPS 1
  BUFFER_POOL DEFAULT FLASH_CACHE DEFAULT CELL_FLASH_CACHE DEFAULT)
  TABLESPACE "PROYECTO_CURSO" ;
--------------------------------------------------------
--  DDL for Table PERSONAJES
--------------------------------------------------------

  CREATE TABLE "USUARIO01"."PERSONAJES" 
   (	"ID_PERSONAJE" NUMBER, 
	"VIDA" NUMBER, 
	"MANA" NUMBER, 
	"FUERZA" NUMBER, 
	"DEFENSA" NUMBER, 
	"ID_ARMA" NUMBER, 
	"NOMBRE" VARCHAR2(20 BYTE), 
	"CLASE" VARCHAR2(15 BYTE)
   ) SEGMENT CREATION IMMEDIATE 
  PCTFREE 10 PCTUSED 40 INITRANS 1 MAXTRANS 255 
 NOCOMPRESS LOGGING
  STORAGE(INITIAL 65536 NEXT 1048576 MINEXTENTS 1 MAXEXTENTS 2147483645
  PCTINCREASE 0 FREELISTS 1 FREELIST GROUPS 1
  BUFFER_POOL DEFAULT FLASH_CACHE DEFAULT CELL_FLASH_CACHE DEFAULT)
  TABLESPACE "PROYECTO_CURSO" ;
--------------------------------------------------------
--  DDL for Table PREGUNTAS_Y_RESPUESTAS
--------------------------------------------------------

  CREATE TABLE "USUARIO01"."PREGUNTAS_Y_RESPUESTAS" 
   (	"ID_PREYRES" NUMBER, 
	"PREGUNTAS" VARCHAR2(200 BYTE), 
	"RESPUESTAS" VARCHAR2(50 BYTE), 
	"ID_CATEGORIA" VARCHAR2(10 BYTE)
   ) SEGMENT CREATION IMMEDIATE 
  PCTFREE 10 PCTUSED 40 INITRANS 1 MAXTRANS 255 
 NOCOMPRESS LOGGING
  STORAGE(INITIAL 65536 NEXT 1048576 MINEXTENTS 1 MAXEXTENTS 2147483645
  PCTINCREASE 0 FREELISTS 1 FREELIST GROUPS 1
  BUFFER_POOL DEFAULT FLASH_CACHE DEFAULT CELL_FLASH_CACHE DEFAULT)
  TABLESPACE "PROYECTO_CURSO" ;
--------------------------------------------------------
--  DDL for Table PUNTAJES
--------------------------------------------------------

  CREATE TABLE "USUARIO01"."PUNTAJES" 
   (	"ID_USER" NUMBER(*,0), 
	"ID_MUNDO" NUMBER(*,0), 
	"PUNTAJE" NUMBER
   ) SEGMENT CREATION IMMEDIATE 
  PCTFREE 10 PCTUSED 40 INITRANS 1 MAXTRANS 255 
 NOCOMPRESS LOGGING
  STORAGE(INITIAL 65536 NEXT 1048576 MINEXTENTS 1 MAXEXTENTS 2147483645
  PCTINCREASE 0 FREELISTS 1 FREELIST GROUPS 1
  BUFFER_POOL DEFAULT FLASH_CACHE DEFAULT CELL_FLASH_CACHE DEFAULT)
  TABLESPACE "PROYECTO_CURSO" ;
--------------------------------------------------------
--  DDL for Table REPUESTAS_FALSAS
--------------------------------------------------------

  CREATE TABLE "USUARIO01"."REPUESTAS_FALSAS" 
   (	"RESPUESTA_FALSA" VARCHAR2(30 BYTE), 
	"ID_FALSA" NUMBER, 
	"ID_CATEGORIA" VARCHAR2(10 BYTE)
   ) SEGMENT CREATION IMMEDIATE 
  PCTFREE 10 PCTUSED 40 INITRANS 1 MAXTRANS 255 
 NOCOMPRESS LOGGING
  STORAGE(INITIAL 65536 NEXT 1048576 MINEXTENTS 1 MAXEXTENTS 2147483645
  PCTINCREASE 0 FREELISTS 1 FREELIST GROUPS 1
  BUFFER_POOL DEFAULT FLASH_CACHE DEFAULT CELL_FLASH_CACHE DEFAULT)
  TABLESPACE "PROYECTO_CURSO" ;
--------------------------------------------------------
--  DDL for Table USUARIOS
--------------------------------------------------------

  CREATE TABLE "USUARIO01"."USUARIOS" 
   (	"ID_USER" NUMBER, 
	"NOMBRE_USER" VARCHAR2(20 BYTE), 
	"CONTRA_USER" VARCHAR2(20 BYTE), 
	"ROL" VARCHAR2(20 BYTE)
   ) SEGMENT CREATION IMMEDIATE 
  PCTFREE 10 PCTUSED 40 INITRANS 1 MAXTRANS 255 
 NOCOMPRESS LOGGING
  STORAGE(INITIAL 65536 NEXT 1048576 MINEXTENTS 1 MAXEXTENTS 2147483645
  PCTINCREASE 0 FREELISTS 1 FREELIST GROUPS 1
  BUFFER_POOL DEFAULT FLASH_CACHE DEFAULT CELL_FLASH_CACHE DEFAULT)
  TABLESPACE "PROYECTO_CURSO" ;
REM INSERTING into USUARIO01.ARMA
SET DEFINE OFF;
Insert into USUARIO01.ARMA (ID_ARMA,FUERZA,NOMBRE) values ('1','22','ESPADA');
Insert into USUARIO01.ARMA (ID_ARMA,FUERZA,NOMBRE) values ('2','35','ARCO');
Insert into USUARIO01.ARMA (ID_ARMA,FUERZA,NOMBRE) values ('3','43','BASTON ARCANO');
REM INSERTING into USUARIO01.ASIGNARPERSONAJE
SET DEFINE OFF;
Insert into USUARIO01.ASIGNARPERSONAJE (ID_USER,ID_PERSONAJE) values ('4','10');
Insert into USUARIO01.ASIGNARPERSONAJE (ID_USER,ID_PERSONAJE) values ('1','10');
Insert into USUARIO01.ASIGNARPERSONAJE (ID_USER,ID_PERSONAJE) values ('1','20');
Insert into USUARIO01.ASIGNARPERSONAJE (ID_USER,ID_PERSONAJE) values ('1','30');
Insert into USUARIO01.ASIGNARPERSONAJE (ID_USER,ID_PERSONAJE) values ('2','30');
Insert into USUARIO01.ASIGNARPERSONAJE (ID_USER,ID_PERSONAJE) values ('2','10');
Insert into USUARIO01.ASIGNARPERSONAJE (ID_USER,ID_PERSONAJE) values ('4','20');
Insert into USUARIO01.ASIGNARPERSONAJE (ID_USER,ID_PERSONAJE) values ('4','30');
Insert into USUARIO01.ASIGNARPERSONAJE (ID_USER,ID_PERSONAJE) values ('5','20');
REM INSERTING into USUARIO01.CATEGORIAS
SET DEFINE OFF;
Insert into USUARIO01.CATEGORIAS (ID_CATEGORIA,NOMBRE) values ('MATM','MATEMATICAS');
Insert into USUARIO01.CATEGORIAS (ID_CATEGORIA,NOMBRE) values ('BIO','BIOLOGIA');
Insert into USUARIO01.CATEGORIAS (ID_CATEGORIA,NOMBRE) values ('LENG','ESPAÑOL');
REM INSERTING into USUARIO01.MUNDO
SET DEFINE OFF;
Insert into USUARIO01.MUNDO (ID_MUNDO,NOMBRE,FONDO,PISO,ID_CATEGORIA) values ('1','MUNDO BOSQUE 1-1','fondosimple.png','PISO1','LENG');
Insert into USUARIO01.MUNDO (ID_MUNDO,NOMBRE,FONDO,PISO,ID_CATEGORIA) values ('2','MUNDO BOSQUE 1-2','fondopradera.png','PISO2','BIO');
Insert into USUARIO01.MUNDO (ID_MUNDO,NOMBRE,FONDO,PISO,ID_CATEGORIA) values ('3','MUNDO BOSQUE 1-3','fondomontaña.png','PISO3','MATM');
REM INSERTING into USUARIO01.NPCS
SET DEFINE OFF;
Insert into USUARIO01.NPCS (ID_NPC,NOMBRE,VIDA,FUERZA,DEFENSA) values ('10','SLIME','2300','52','40');
REM INSERTING into USUARIO01.PERSONAJES
SET DEFINE OFF;
Insert into USUARIO01.PERSONAJES (ID_PERSONAJE,VIDA,MANA,FUERZA,DEFENSA,ID_ARMA,NOMBRE,CLASE) values ('10','2000','200','124','70','1','HURIN','SAMURAI');
Insert into USUARIO01.PERSONAJES (ID_PERSONAJE,VIDA,MANA,FUERZA,DEFENSA,ID_ARMA,NOMBRE,CLASE) values ('20','1600','250','145','60','2','LEGOLAS','GUERRERO');
Insert into USUARIO01.PERSONAJES (ID_PERSONAJE,VIDA,MANA,FUERZA,DEFENSA,ID_ARMA,NOMBRE,CLASE) values ('30','1200','330','182','50','3','GANDALF','MAGO');
REM INSERTING into USUARIO01.PREGUNTAS_Y_RESPUESTAS
SET DEFINE OFF;
Insert into USUARIO01.PREGUNTAS_Y_RESPUESTAS (ID_PREYRES,PREGUNTAS,RESPUESTAS,ID_CATEGORIA) values ('2','WORD','WORD','BIO');
Insert into USUARIO01.PREGUNTAS_Y_RESPUESTAS (ID_PREYRES,PREGUNTAS,RESPUESTAS,ID_CATEGORIA) values ('3','GORDA','FLACA','MATM');
Insert into USUARIO01.PREGUNTAS_Y_RESPUESTAS (ID_PREYRES,PREGUNTAS,RESPUESTAS,ID_CATEGORIA) values ('4','gaga','jaja','LENG');
Insert into USUARIO01.PREGUNTAS_Y_RESPUESTAS (ID_PREYRES,PREGUNTAS,RESPUESTAS,ID_CATEGORIA) values ('1','holas','buenas','LENG');
REM INSERTING into USUARIO01.PUNTAJES
SET DEFINE OFF;
Insert into USUARIO01.PUNTAJES (ID_USER,ID_MUNDO,PUNTAJE) values ('1','1','1000');
Insert into USUARIO01.PUNTAJES (ID_USER,ID_MUNDO,PUNTAJE) values ('1','2','1300');
Insert into USUARIO01.PUNTAJES (ID_USER,ID_MUNDO,PUNTAJE) values ('4','3','2000');
REM INSERTING into USUARIO01.REPUESTAS_FALSAS
SET DEFINE OFF;
Insert into USUARIO01.REPUESTAS_FALSAS (RESPUESTA_FALSA,ID_FALSA,ID_CATEGORIA) values ('hola','1','BIO');
Insert into USUARIO01.REPUESTAS_FALSAS (RESPUESTA_FALSA,ID_FALSA,ID_CATEGORIA) values ('como','2','BIO');
Insert into USUARIO01.REPUESTAS_FALSAS (RESPUESTA_FALSA,ID_FALSA,ID_CATEGORIA) values ('estas','3','BIO');
REM INSERTING into USUARIO01.USUARIOS
SET DEFINE OFF;
Insert into USUARIO01.USUARIOS (ID_USER,NOMBRE_USER,CONTRA_USER,ROL) values ('1','jolfry','jol123','Profesor');
Insert into USUARIO01.USUARIOS (ID_USER,NOMBRE_USER,CONTRA_USER,ROL) values ('2','diego','die123','Estudiante');
Insert into USUARIO01.USUARIOS (ID_USER,NOMBRE_USER,CONTRA_USER,ROL) values ('3','Alexander','pato123','Profesor');
Insert into USUARIO01.USUARIOS (ID_USER,NOMBRE_USER,CONTRA_USER,ROL) values ('4','alex','ale123','Estudiante');
Insert into USUARIO01.USUARIOS (ID_USER,NOMBRE_USER,CONTRA_USER,ROL) values ('5','gabriel','gabo123','Estudiante');
Insert into USUARIO01.USUARIOS (ID_USER,NOMBRE_USER,CONTRA_USER,ROL) values ('6','erre','ctr123','Estudiante');
Insert into USUARIO01.USUARIOS (ID_USER,NOMBRE_USER,CONTRA_USER,ROL) values ('7','erre2','123','Estudiante');
Insert into USUARIO01.USUARIOS (ID_USER,NOMBRE_USER,CONTRA_USER,ROL) values ('8','luis','luis123','Estudiante');
Insert into USUARIO01.USUARIOS (ID_USER,NOMBRE_USER,CONTRA_USER,ROL) values ('9','juvinao','juvi123','Estudiante');
--------------------------------------------------------
--  DDL for Index ARMA_PK
--------------------------------------------------------

  CREATE UNIQUE INDEX "USUARIO01"."ARMA_PK" ON "USUARIO01"."ARMA" ("ID_ARMA") 
  PCTFREE 10 INITRANS 2 MAXTRANS 255 COMPUTE STATISTICS 
  STORAGE(INITIAL 65536 NEXT 1048576 MINEXTENTS 1 MAXEXTENTS 2147483645
  PCTINCREASE 0 FREELISTS 1 FREELIST GROUPS 1
  BUFFER_POOL DEFAULT FLASH_CACHE DEFAULT CELL_FLASH_CACHE DEFAULT)
  TABLESPACE "PROYECTO_CURSO" ;
--------------------------------------------------------
--  DDL for Index CATEGORIAS_PK
--------------------------------------------------------

  CREATE UNIQUE INDEX "USUARIO01"."CATEGORIAS_PK" ON "USUARIO01"."CATEGORIAS" ("ID_CATEGORIA") 
  PCTFREE 10 INITRANS 2 MAXTRANS 255 COMPUTE STATISTICS 
  STORAGE(INITIAL 65536 NEXT 1048576 MINEXTENTS 1 MAXEXTENTS 2147483645
  PCTINCREASE 0 FREELISTS 1 FREELIST GROUPS 1
  BUFFER_POOL DEFAULT FLASH_CACHE DEFAULT CELL_FLASH_CACHE DEFAULT)
  TABLESPACE "PROYECTO_CURSO" ;
--------------------------------------------------------
--  DDL for Index MUNDO_PK
--------------------------------------------------------

  CREATE UNIQUE INDEX "USUARIO01"."MUNDO_PK" ON "USUARIO01"."MUNDO" ("ID_MUNDO") 
  PCTFREE 10 INITRANS 2 MAXTRANS 255 COMPUTE STATISTICS 
  STORAGE(INITIAL 65536 NEXT 1048576 MINEXTENTS 1 MAXEXTENTS 2147483645
  PCTINCREASE 0 FREELISTS 1 FREELIST GROUPS 1
  BUFFER_POOL DEFAULT FLASH_CACHE DEFAULT CELL_FLASH_CACHE DEFAULT)
  TABLESPACE "PROYECTO_CURSO" ;
--------------------------------------------------------
--  DDL for Index NPCS_PK
--------------------------------------------------------

  CREATE UNIQUE INDEX "USUARIO01"."NPCS_PK" ON "USUARIO01"."NPCS" ("ID_NPC") 
  PCTFREE 10 INITRANS 2 MAXTRANS 255 COMPUTE STATISTICS 
  STORAGE(INITIAL 65536 NEXT 1048576 MINEXTENTS 1 MAXEXTENTS 2147483645
  PCTINCREASE 0 FREELISTS 1 FREELIST GROUPS 1
  BUFFER_POOL DEFAULT FLASH_CACHE DEFAULT CELL_FLASH_CACHE DEFAULT)
  TABLESPACE "PROYECTO_CURSO" ;
--------------------------------------------------------
--  DDL for Index PERSONAJES_PK
--------------------------------------------------------

  CREATE UNIQUE INDEX "USUARIO01"."PERSONAJES_PK" ON "USUARIO01"."PERSONAJES" ("ID_PERSONAJE") 
  PCTFREE 10 INITRANS 2 MAXTRANS 255 COMPUTE STATISTICS 
  STORAGE(INITIAL 65536 NEXT 1048576 MINEXTENTS 1 MAXEXTENTS 2147483645
  PCTINCREASE 0 FREELISTS 1 FREELIST GROUPS 1
  BUFFER_POOL DEFAULT FLASH_CACHE DEFAULT CELL_FLASH_CACHE DEFAULT)
  TABLESPACE "PROYECTO_CURSO" ;
--------------------------------------------------------
--  DDL for Index PREGUNTAS_Y_RESPUESTAS_PK
--------------------------------------------------------

  CREATE UNIQUE INDEX "USUARIO01"."PREGUNTAS_Y_RESPUESTAS_PK" ON "USUARIO01"."PREGUNTAS_Y_RESPUESTAS" ("ID_PREYRES") 
  PCTFREE 10 INITRANS 2 MAXTRANS 255 COMPUTE STATISTICS 
  STORAGE(INITIAL 65536 NEXT 1048576 MINEXTENTS 1 MAXEXTENTS 2147483645
  PCTINCREASE 0 FREELISTS 1 FREELIST GROUPS 1
  BUFFER_POOL DEFAULT FLASH_CACHE DEFAULT CELL_FLASH_CACHE DEFAULT)
  TABLESPACE "PROYECTO_CURSO" ;
--------------------------------------------------------
--  DDL for Index REPUESTAS_FALSAS_PK
--------------------------------------------------------

  CREATE UNIQUE INDEX "USUARIO01"."REPUESTAS_FALSAS_PK" ON "USUARIO01"."REPUESTAS_FALSAS" ("ID_FALSA") 
  PCTFREE 10 INITRANS 2 MAXTRANS 255 COMPUTE STATISTICS 
  STORAGE(INITIAL 65536 NEXT 1048576 MINEXTENTS 1 MAXEXTENTS 2147483645
  PCTINCREASE 0 FREELISTS 1 FREELIST GROUPS 1
  BUFFER_POOL DEFAULT FLASH_CACHE DEFAULT CELL_FLASH_CACHE DEFAULT)
  TABLESPACE "PROYECTO_CURSO" ;
--------------------------------------------------------
--  DDL for Index USUARIOS_PK
--------------------------------------------------------

  CREATE UNIQUE INDEX "USUARIO01"."USUARIOS_PK" ON "USUARIO01"."USUARIOS" ("ID_USER") 
  PCTFREE 10 INITRANS 2 MAXTRANS 255 COMPUTE STATISTICS 
  STORAGE(INITIAL 65536 NEXT 1048576 MINEXTENTS 1 MAXEXTENTS 2147483645
  PCTINCREASE 0 FREELISTS 1 FREELIST GROUPS 1
  BUFFER_POOL DEFAULT FLASH_CACHE DEFAULT CELL_FLASH_CACHE DEFAULT)
  TABLESPACE "PROYECTO_CURSO" ;
--------------------------------------------------------
--  DDL for Index ARMA_PK
--------------------------------------------------------

  CREATE UNIQUE INDEX "USUARIO01"."ARMA_PK" ON "USUARIO01"."ARMA" ("ID_ARMA") 
  PCTFREE 10 INITRANS 2 MAXTRANS 255 COMPUTE STATISTICS 
  STORAGE(INITIAL 65536 NEXT 1048576 MINEXTENTS 1 MAXEXTENTS 2147483645
  PCTINCREASE 0 FREELISTS 1 FREELIST GROUPS 1
  BUFFER_POOL DEFAULT FLASH_CACHE DEFAULT CELL_FLASH_CACHE DEFAULT)
  TABLESPACE "PROYECTO_CURSO" ;
--------------------------------------------------------
--  DDL for Index CATEGORIAS_PK
--------------------------------------------------------

  CREATE UNIQUE INDEX "USUARIO01"."CATEGORIAS_PK" ON "USUARIO01"."CATEGORIAS" ("ID_CATEGORIA") 
  PCTFREE 10 INITRANS 2 MAXTRANS 255 COMPUTE STATISTICS 
  STORAGE(INITIAL 65536 NEXT 1048576 MINEXTENTS 1 MAXEXTENTS 2147483645
  PCTINCREASE 0 FREELISTS 1 FREELIST GROUPS 1
  BUFFER_POOL DEFAULT FLASH_CACHE DEFAULT CELL_FLASH_CACHE DEFAULT)
  TABLESPACE "PROYECTO_CURSO" ;
--------------------------------------------------------
--  DDL for Index MUNDO_PK
--------------------------------------------------------

  CREATE UNIQUE INDEX "USUARIO01"."MUNDO_PK" ON "USUARIO01"."MUNDO" ("ID_MUNDO") 
  PCTFREE 10 INITRANS 2 MAXTRANS 255 COMPUTE STATISTICS 
  STORAGE(INITIAL 65536 NEXT 1048576 MINEXTENTS 1 MAXEXTENTS 2147483645
  PCTINCREASE 0 FREELISTS 1 FREELIST GROUPS 1
  BUFFER_POOL DEFAULT FLASH_CACHE DEFAULT CELL_FLASH_CACHE DEFAULT)
  TABLESPACE "PROYECTO_CURSO" ;
--------------------------------------------------------
--  DDL for Index NPCS_PK
--------------------------------------------------------

  CREATE UNIQUE INDEX "USUARIO01"."NPCS_PK" ON "USUARIO01"."NPCS" ("ID_NPC") 
  PCTFREE 10 INITRANS 2 MAXTRANS 255 COMPUTE STATISTICS 
  STORAGE(INITIAL 65536 NEXT 1048576 MINEXTENTS 1 MAXEXTENTS 2147483645
  PCTINCREASE 0 FREELISTS 1 FREELIST GROUPS 1
  BUFFER_POOL DEFAULT FLASH_CACHE DEFAULT CELL_FLASH_CACHE DEFAULT)
  TABLESPACE "PROYECTO_CURSO" ;
--------------------------------------------------------
--  DDL for Index PERSONAJES_PK
--------------------------------------------------------

  CREATE UNIQUE INDEX "USUARIO01"."PERSONAJES_PK" ON "USUARIO01"."PERSONAJES" ("ID_PERSONAJE") 
  PCTFREE 10 INITRANS 2 MAXTRANS 255 COMPUTE STATISTICS 
  STORAGE(INITIAL 65536 NEXT 1048576 MINEXTENTS 1 MAXEXTENTS 2147483645
  PCTINCREASE 0 FREELISTS 1 FREELIST GROUPS 1
  BUFFER_POOL DEFAULT FLASH_CACHE DEFAULT CELL_FLASH_CACHE DEFAULT)
  TABLESPACE "PROYECTO_CURSO" ;
--------------------------------------------------------
--  DDL for Index PREGUNTAS_Y_RESPUESTAS_PK
--------------------------------------------------------

  CREATE UNIQUE INDEX "USUARIO01"."PREGUNTAS_Y_RESPUESTAS_PK" ON "USUARIO01"."PREGUNTAS_Y_RESPUESTAS" ("ID_PREYRES") 
  PCTFREE 10 INITRANS 2 MAXTRANS 255 COMPUTE STATISTICS 
  STORAGE(INITIAL 65536 NEXT 1048576 MINEXTENTS 1 MAXEXTENTS 2147483645
  PCTINCREASE 0 FREELISTS 1 FREELIST GROUPS 1
  BUFFER_POOL DEFAULT FLASH_CACHE DEFAULT CELL_FLASH_CACHE DEFAULT)
  TABLESPACE "PROYECTO_CURSO" ;
--------------------------------------------------------
--  DDL for Index REPUESTAS_FALSAS_PK
--------------------------------------------------------

  CREATE UNIQUE INDEX "USUARIO01"."REPUESTAS_FALSAS_PK" ON "USUARIO01"."REPUESTAS_FALSAS" ("ID_FALSA") 
  PCTFREE 10 INITRANS 2 MAXTRANS 255 COMPUTE STATISTICS 
  STORAGE(INITIAL 65536 NEXT 1048576 MINEXTENTS 1 MAXEXTENTS 2147483645
  PCTINCREASE 0 FREELISTS 1 FREELIST GROUPS 1
  BUFFER_POOL DEFAULT FLASH_CACHE DEFAULT CELL_FLASH_CACHE DEFAULT)
  TABLESPACE "PROYECTO_CURSO" ;
--------------------------------------------------------
--  DDL for Index USUARIOS_PK
--------------------------------------------------------

  CREATE UNIQUE INDEX "USUARIO01"."USUARIOS_PK" ON "USUARIO01"."USUARIOS" ("ID_USER") 
  PCTFREE 10 INITRANS 2 MAXTRANS 255 COMPUTE STATISTICS 
  STORAGE(INITIAL 65536 NEXT 1048576 MINEXTENTS 1 MAXEXTENTS 2147483645
  PCTINCREASE 0 FREELISTS 1 FREELIST GROUPS 1
  BUFFER_POOL DEFAULT FLASH_CACHE DEFAULT CELL_FLASH_CACHE DEFAULT)
  TABLESPACE "PROYECTO_CURSO" ;
--------------------------------------------------------
--  DDL for Procedure PR_ASIGNARPERSONAJE
--------------------------------------------------------
set define off;

  CREATE OR REPLACE NONEDITIONABLE PROCEDURE "USUARIO01"."PR_ASIGNARPERSONAJE" (
    id_user USUARIOS.ID_USER%TYPE, id_personaje PERSONAJES.ID_PERSONAJE%TYPE
)
IS

BEGIN
INSERT INTO asignarpersonaje(ID_USER,ID_PERSONAJE) VALUES(id_user,id_personaje);
COMMIT;
END PR_ASIGNARPERSONAJE;

/
--------------------------------------------------------
--  DDL for Procedure PR_INSERT_PREGUNTA_Y_RESPUESTA
--------------------------------------------------------
set define off;

  CREATE OR REPLACE NONEDITIONABLE PROCEDURE "USUARIO01"."PR_INSERT_PREGUNTA_Y_RESPUESTA" (
    id_pyr PREGUNTAS_Y_RESPUESTAS.ID_PREYRES%TYPE, pregunta PREGUNTAS_Y_RESPUESTAS.PREGUNTAS%TYPE,
    repuesta  PREGUNTAS_Y_RESPUESTAS.RESPUESTAS%TYPE,categoria PREGUNTAS_Y_RESPUESTAS.ID_CATEGORIA%TYPE
)
IS

BEGIN
INSERT INTO PREGUNTAS_Y_RESPUESTAS (ID_PREYRES, PREGUNTAS, RESPUESTAS, ID_CATEGORIA) 
VALUES (id_pyr, pregunta, repuesta, categoria);
COMMIT;
END PR_INSERT_PREGUNTA_Y_RESPUESTA;

/
--------------------------------------------------------
--  DDL for Procedure PR_INSERT_PUNTAJE
--------------------------------------------------------
set define off;

  CREATE OR REPLACE NONEDITIONABLE PROCEDURE "USUARIO01"."PR_INSERT_PUNTAJE" (
    id_user USUARIOS.ID_USER%TYPE, id_mundo MUNDO.ID_MUNDO%TYPE,puntaje PUNTAJES.puntaje%TYPE
)
IS

BEGIN
INSERT INTO PUNTAJES(ID_USER,ID_MUNDO,PUNTAJE) 
VALUES (id_user,id_mundo,puntaje);
COMMIT;
END PR_INSERT_PUNTAJE;

/
--------------------------------------------------------
--  DDL for Procedure PR_INSERT_USUARIO
--------------------------------------------------------
set define off;

  CREATE OR REPLACE NONEDITIONABLE PROCEDURE "USUARIO01"."PR_INSERT_USUARIO" (
    id_usuario USUARIOS.ID_USER%TYPE, nombre USUARIOS.NOMBRE_USER%TYPE,
    contra  USUARIOS.CONTRA_USER%TYPE, rol USUARIOS.ROL%TYPE
)
IS

BEGIN
INSERT INTO usuarios (id_user, nombre_user, contra_user, Rol) VALUES (id_usuario, nombre, contra, rol);
COMMIT;
END PR_INSERT_USUARIO;

/
--------------------------------------------------------
--  DDL for Package PKG_INSERT
--------------------------------------------------------

  CREATE OR REPLACE NONEDITIONABLE PACKAGE "USUARIO01"."PKG_INSERT" AS
    PROCEDURE PR_ASIGNARPERSONAJE(id_user USUARIOS.ID_USER%TYPE, 
    id_personaje PERSONAJES.ID_PERSONAJE%TYPE);
    PROCEDURE PR_INSERT_PREGUNTA_Y_RESPUESTA(
    id_pyr PREGUNTAS_Y_RESPUESTAS.ID_PREYRES%TYPE, pregunta PREGUNTAS_Y_RESPUESTAS.PREGUNTAS%TYPE,
    repuesta  PREGUNTAS_Y_RESPUESTAS.RESPUESTAS%TYPE,categoria PREGUNTAS_Y_RESPUESTAS.ID_CATEGORIA%TYPE);
    PROCEDURE PR_INSERT_PUNTAJE(id_user USUARIOS.ID_USER%TYPE, 
    id_mundo MUNDO.ID_MUNDO%TYPE,puntaje PUNTAJES.puntaje%TYPE);
    PROCEDURE PR_INSERT_USUARIO(id_usuario USUARIOS.ID_USER%TYPE, nombre USUARIOS.NOMBRE_USER%TYPE,
    contra  USUARIOS.CONTRA_USER%TYPE, rol USUARIOS.ROL%TYPE);
END PKG_INSERT;

/
--------------------------------------------------------
--  DDL for Package Body PKG_INSERT
--------------------------------------------------------

  CREATE OR REPLACE NONEDITIONABLE PACKAGE BODY "USUARIO01"."PKG_INSERT" AS

    PROCEDURE PR_INSERT_PUNTAJE(
    id_user USUARIOS.ID_USER%TYPE, id_mundo MUNDO.ID_MUNDO%TYPE,puntaje PUNTAJES.puntaje%TYPE)
    IS
    
    BEGIN
        INSERT INTO PUNTAJES(ID_USER,ID_MUNDO,PUNTAJE) 
        VALUES (id_user,id_mundo,puntaje);
        COMMIT;
    END PR_INSERT_PUNTAJE;


    PROCEDURE PR_INSERT_PREGUNTA_Y_RESPUESTA(
    id_pyr PREGUNTAS_Y_RESPUESTAS.ID_PREYRES%TYPE, pregunta PREGUNTAS_Y_RESPUESTAS.PREGUNTAS%TYPE,
    repuesta  PREGUNTAS_Y_RESPUESTAS.RESPUESTAS%TYPE,categoria PREGUNTAS_Y_RESPUESTAS.ID_CATEGORIA%TYPE)
    IS

    BEGIN
        INSERT INTO PREGUNTAS_Y_RESPUESTAS (ID_PREYRES, PREGUNTAS, RESPUESTAS, ID_CATEGORIA) 
        VALUES (id_pyr, pregunta, repuesta, categoria);
        COMMIT;
    END PR_INSERT_PREGUNTA_Y_RESPUESTA;


    PROCEDURE PR_ASIGNARPERSONAJE(
    id_user USUARIOS.ID_USER%TYPE, id_personaje PERSONAJES.ID_PERSONAJE%TYPE)
    IS

    BEGIN
        INSERT INTO asignarpersonaje(ID_USER,ID_PERSONAJE) VALUES(id_user,id_personaje);
        COMMIT;
    END PR_ASIGNARPERSONAJE;    


    PROCEDURE PR_INSERT_USUARIO(id_usuario USUARIOS.ID_USER%TYPE, 
        nombre USUARIOS.NOMBRE_USER%TYPE,
        contra  USUARIOS.CONTRA_USER%TYPE, rol USUARIOS.ROL%TYPE)
    IS

    BEGIN
        INSERT INTO usuarios (id_user, nombre_user, contra_user, Rol) VALUES (id_usuario, nombre, contra, rol);
        COMMIT;
    END PR_INSERT_USUARIO;
END PKG_INSERT;

/
--------------------------------------------------------
--  DDL for Function FX_CONSULTAR_CATEGORIAS
--------------------------------------------------------

  CREATE OR REPLACE NONEDITIONABLE FUNCTION "USUARIO01"."FX_CONSULTAR_CATEGORIAS" 
RETURN SYS_REFCURSOR
IS
resultado SYS_REFCURSOR;
BEGIN 
    OPEN resultado FOR
    SELECT * FROM CATEGORIAS;

    return resultado;
END FX_CONSULTAR_CATEGORIAS;

/
--------------------------------------------------------
--  DDL for Function FX_CONSULTAR_MUNDO
--------------------------------------------------------

  CREATE OR REPLACE NONEDITIONABLE FUNCTION "USUARIO01"."FX_CONSULTAR_MUNDO" 
RETURN SYS_REFCURSOR
IS
resultado SYS_REFCURSOR;
BEGIN 
    OPEN resultado FOR
    SELECT m.id_mundo,m.nombre,m.fondo,m.piso,c.nombre AS categoria 
    FROM MUNDO m
    JOIN CATEGORIAS c
    ON(m.id_categoria=c.id_categoria);

    return resultado;
END FX_CONSULTAR_MUNDO;

/
--------------------------------------------------------
--  DDL for Function FX_CONSULTAR_PERSONAJES
--------------------------------------------------------

  CREATE OR REPLACE NONEDITIONABLE FUNCTION "USUARIO01"."FX_CONSULTAR_PERSONAJES" 
RETURN SYS_REFCURSOR
IS
resultado SYS_REFCURSOR;
BEGIN 
    OPEN resultado FOR
    SELECT ID_PERSONAJE,NOMBRE,CLASE,VIDA,MANA,FUERZA,DEFENSA,ID_ARMA FROM PERSONAJES;

    return resultado;
END FX_CONSULTAR_PERSONAJES;

/
--------------------------------------------------------
--  DDL for Function FX_CONSULTARPERSONAJE_USER
--------------------------------------------------------

  CREATE OR REPLACE NONEDITIONABLE FUNCTION "USUARIO01"."FX_CONSULTARPERSONAJE_USER" (
    id_usuario IN usuarios.id_user%TYPE 
) RETURN SYS_REFCURSOR
IS
resultado SYS_REFCURSOR;
BEGIN 
    OPEN resultado FOR
    SELECT id_personaje
    FROM asignarpersonaje
    WHERE id_user = id_usuario;

    return resultado;
END FX_CONSULTARPERSONAJE_USER;

/
--------------------------------------------------------
--  DDL for Function FX_CONSULTAR_PREGUNTASYRESPUESTAS
--------------------------------------------------------

  CREATE OR REPLACE NONEDITIONABLE FUNCTION "USUARIO01"."FX_CONSULTAR_PREGUNTASYRESPUESTAS" 
RETURN SYS_REFCURSOR
IS
resultado SYS_REFCURSOR;
BEGIN 
    OPEN resultado FOR
    SELECT * FROM PREGUNTAS_Y_RESPUESTAS
    ORDER BY id_preyres;

    return resultado;
END FX_CONSULTAR_PREGUNTASYRESPUESTAS;

/
--------------------------------------------------------
--  DDL for Function FX_CONSULTARPUNTAJES
--------------------------------------------------------

  CREATE OR REPLACE NONEDITIONABLE FUNCTION "USUARIO01"."FX_CONSULTARPUNTAJES" (
    id_usuario IN usuarios.id_user%TYPE 
) RETURN SYS_REFCURSOR
IS
resultado SYS_REFCURSOR;
BEGIN 
    OPEN resultado FOR
    SELECT m.nombre,p.puntaje
    FROM puntajes p
    JOIN mundo m
    ON(m.id_mundo = p.id_mundo)
    WHERE p.id_user = id_usuario;

    return resultado;
END FX_CONSULTARPUNTAJES;

/
--------------------------------------------------------
--  DDL for Function FX_CONSULTAR_RESPUESTAS_FALSAS
--------------------------------------------------------

  CREATE OR REPLACE NONEDITIONABLE FUNCTION "USUARIO01"."FX_CONSULTAR_RESPUESTAS_FALSAS" 
RETURN SYS_REFCURSOR
IS
resultado SYS_REFCURSOR;
BEGIN 
    OPEN resultado FOR
    SELECT * FROM REPUESTAS_FALSAS;

    return resultado;
END FX_CONSULTAR_RESPUESTAS_FALSAS;

/
--------------------------------------------------------
--  DDL for Function FX_CONSULTAR_USUARIOS
--------------------------------------------------------

  CREATE OR REPLACE NONEDITIONABLE FUNCTION "USUARIO01"."FX_CONSULTAR_USUARIOS" 
RETURN SYS_REFCURSOR
IS
resultado SYS_REFCURSOR;
BEGIN 
    OPEN resultado FOR
    SELECT * FROM USUARIOS;

    return resultado;
END FX_CONSULTAR_USUARIOS;

/
--------------------------------------------------------
--  Constraints for Table ARMA
--------------------------------------------------------

  ALTER TABLE "USUARIO01"."ARMA" MODIFY ("ID_ARMA" NOT NULL ENABLE);
  ALTER TABLE "USUARIO01"."ARMA" MODIFY ("FUERZA" NOT NULL ENABLE);
  ALTER TABLE "USUARIO01"."ARMA" ADD CONSTRAINT "ARMA_PK" PRIMARY KEY ("ID_ARMA")
  USING INDEX PCTFREE 10 INITRANS 2 MAXTRANS 255 COMPUTE STATISTICS 
  STORAGE(INITIAL 65536 NEXT 1048576 MINEXTENTS 1 MAXEXTENTS 2147483645
  PCTINCREASE 0 FREELISTS 1 FREELIST GROUPS 1
  BUFFER_POOL DEFAULT FLASH_CACHE DEFAULT CELL_FLASH_CACHE DEFAULT)
  TABLESPACE "PROYECTO_CURSO"  ENABLE;
--------------------------------------------------------
--  Constraints for Table ASIGNARPERSONAJE
--------------------------------------------------------

  ALTER TABLE "USUARIO01"."ASIGNARPERSONAJE" MODIFY ("ID_USER" NOT NULL ENABLE);
  ALTER TABLE "USUARIO01"."ASIGNARPERSONAJE" MODIFY ("ID_PERSONAJE" NOT NULL ENABLE);
--------------------------------------------------------
--  Constraints for Table CATEGORIAS
--------------------------------------------------------

  ALTER TABLE "USUARIO01"."CATEGORIAS" MODIFY ("NOMBRE" NOT NULL ENABLE);
  ALTER TABLE "USUARIO01"."CATEGORIAS" MODIFY ("ID_CATEGORIA" NOT NULL ENABLE);
  ALTER TABLE "USUARIO01"."CATEGORIAS" ADD CONSTRAINT "CATEGORIAS_PK" PRIMARY KEY ("ID_CATEGORIA")
  USING INDEX PCTFREE 10 INITRANS 2 MAXTRANS 255 COMPUTE STATISTICS 
  STORAGE(INITIAL 65536 NEXT 1048576 MINEXTENTS 1 MAXEXTENTS 2147483645
  PCTINCREASE 0 FREELISTS 1 FREELIST GROUPS 1
  BUFFER_POOL DEFAULT FLASH_CACHE DEFAULT CELL_FLASH_CACHE DEFAULT)
  TABLESPACE "PROYECTO_CURSO"  ENABLE;
--------------------------------------------------------
--  Constraints for Table MUNDO
--------------------------------------------------------

  ALTER TABLE "USUARIO01"."MUNDO" MODIFY ("ID_MUNDO" NOT NULL ENABLE);
  ALTER TABLE "USUARIO01"."MUNDO" MODIFY ("NOMBRE" NOT NULL ENABLE);
  ALTER TABLE "USUARIO01"."MUNDO" MODIFY ("FONDO" NOT NULL ENABLE);
  ALTER TABLE "USUARIO01"."MUNDO" MODIFY ("PISO" NOT NULL ENABLE);
  ALTER TABLE "USUARIO01"."MUNDO" ADD CONSTRAINT "MUNDO_PK" PRIMARY KEY ("ID_MUNDO")
  USING INDEX PCTFREE 10 INITRANS 2 MAXTRANS 255 COMPUTE STATISTICS 
  STORAGE(INITIAL 65536 NEXT 1048576 MINEXTENTS 1 MAXEXTENTS 2147483645
  PCTINCREASE 0 FREELISTS 1 FREELIST GROUPS 1
  BUFFER_POOL DEFAULT FLASH_CACHE DEFAULT CELL_FLASH_CACHE DEFAULT)
  TABLESPACE "PROYECTO_CURSO"  ENABLE;
--------------------------------------------------------
--  Constraints for Table NPCS
--------------------------------------------------------

  ALTER TABLE "USUARIO01"."NPCS" MODIFY ("ID_NPC" NOT NULL ENABLE);
  ALTER TABLE "USUARIO01"."NPCS" MODIFY ("NOMBRE" NOT NULL ENABLE);
  ALTER TABLE "USUARIO01"."NPCS" MODIFY ("VIDA" NOT NULL ENABLE);
  ALTER TABLE "USUARIO01"."NPCS" MODIFY ("FUERZA" NOT NULL ENABLE);
  ALTER TABLE "USUARIO01"."NPCS" MODIFY ("DEFENSA" NOT NULL ENABLE);
  ALTER TABLE "USUARIO01"."NPCS" ADD CONSTRAINT "NPCS_PK" PRIMARY KEY ("ID_NPC")
  USING INDEX PCTFREE 10 INITRANS 2 MAXTRANS 255 COMPUTE STATISTICS 
  STORAGE(INITIAL 65536 NEXT 1048576 MINEXTENTS 1 MAXEXTENTS 2147483645
  PCTINCREASE 0 FREELISTS 1 FREELIST GROUPS 1
  BUFFER_POOL DEFAULT FLASH_CACHE DEFAULT CELL_FLASH_CACHE DEFAULT)
  TABLESPACE "PROYECTO_CURSO"  ENABLE;
--------------------------------------------------------
--  Constraints for Table PERSONAJES
--------------------------------------------------------

  ALTER TABLE "USUARIO01"."PERSONAJES" MODIFY ("ID_PERSONAJE" NOT NULL ENABLE);
  ALTER TABLE "USUARIO01"."PERSONAJES" MODIFY ("VIDA" NOT NULL ENABLE);
  ALTER TABLE "USUARIO01"."PERSONAJES" MODIFY ("MANA" NOT NULL ENABLE);
  ALTER TABLE "USUARIO01"."PERSONAJES" MODIFY ("FUERZA" NOT NULL ENABLE);
  ALTER TABLE "USUARIO01"."PERSONAJES" MODIFY ("DEFENSA" NOT NULL ENABLE);
  ALTER TABLE "USUARIO01"."PERSONAJES" MODIFY ("ID_ARMA" NOT NULL ENABLE);
  ALTER TABLE "USUARIO01"."PERSONAJES" ADD CONSTRAINT "PERSONAJES_PK" PRIMARY KEY ("ID_PERSONAJE")
  USING INDEX PCTFREE 10 INITRANS 2 MAXTRANS 255 COMPUTE STATISTICS 
  STORAGE(INITIAL 65536 NEXT 1048576 MINEXTENTS 1 MAXEXTENTS 2147483645
  PCTINCREASE 0 FREELISTS 1 FREELIST GROUPS 1
  BUFFER_POOL DEFAULT FLASH_CACHE DEFAULT CELL_FLASH_CACHE DEFAULT)
  TABLESPACE "PROYECTO_CURSO"  ENABLE;
--------------------------------------------------------
--  Constraints for Table PREGUNTAS_Y_RESPUESTAS
--------------------------------------------------------

  ALTER TABLE "USUARIO01"."PREGUNTAS_Y_RESPUESTAS" MODIFY ("ID_PREYRES" NOT NULL ENABLE);
  ALTER TABLE "USUARIO01"."PREGUNTAS_Y_RESPUESTAS" MODIFY ("PREGUNTAS" NOT NULL ENABLE);
  ALTER TABLE "USUARIO01"."PREGUNTAS_Y_RESPUESTAS" MODIFY ("RESPUESTAS" NOT NULL ENABLE);
  ALTER TABLE "USUARIO01"."PREGUNTAS_Y_RESPUESTAS" ADD CONSTRAINT "PREGUNTAS_Y_RESPUESTAS_PK" PRIMARY KEY ("ID_PREYRES")
  USING INDEX PCTFREE 10 INITRANS 2 MAXTRANS 255 COMPUTE STATISTICS 
  STORAGE(INITIAL 65536 NEXT 1048576 MINEXTENTS 1 MAXEXTENTS 2147483645
  PCTINCREASE 0 FREELISTS 1 FREELIST GROUPS 1
  BUFFER_POOL DEFAULT FLASH_CACHE DEFAULT CELL_FLASH_CACHE DEFAULT)
  TABLESPACE "PROYECTO_CURSO"  ENABLE;
--------------------------------------------------------
--  Constraints for Table PUNTAJES
--------------------------------------------------------

  ALTER TABLE "USUARIO01"."PUNTAJES" MODIFY ("PUNTAJE" NOT NULL ENABLE);
  ALTER TABLE "USUARIO01"."PUNTAJES" MODIFY ("ID_USER" NOT NULL ENABLE);
  ALTER TABLE "USUARIO01"."PUNTAJES" MODIFY ("ID_MUNDO" NOT NULL ENABLE);
--------------------------------------------------------
--  Constraints for Table REPUESTAS_FALSAS
--------------------------------------------------------

  ALTER TABLE "USUARIO01"."REPUESTAS_FALSAS" MODIFY ("RESPUESTA_FALSA" NOT NULL ENABLE);
  ALTER TABLE "USUARIO01"."REPUESTAS_FALSAS" MODIFY ("ID_FALSA" NOT NULL ENABLE);
  ALTER TABLE "USUARIO01"."REPUESTAS_FALSAS" ADD CONSTRAINT "REPUESTAS_FALSAS_PK" PRIMARY KEY ("ID_FALSA")
  USING INDEX PCTFREE 10 INITRANS 2 MAXTRANS 255 COMPUTE STATISTICS 
  STORAGE(INITIAL 65536 NEXT 1048576 MINEXTENTS 1 MAXEXTENTS 2147483645
  PCTINCREASE 0 FREELISTS 1 FREELIST GROUPS 1
  BUFFER_POOL DEFAULT FLASH_CACHE DEFAULT CELL_FLASH_CACHE DEFAULT)
  TABLESPACE "PROYECTO_CURSO"  ENABLE;
  ALTER TABLE "USUARIO01"."REPUESTAS_FALSAS" MODIFY ("ID_CATEGORIA" NOT NULL ENABLE);
--------------------------------------------------------
--  Constraints for Table USUARIOS
--------------------------------------------------------

  ALTER TABLE "USUARIO01"."USUARIOS" MODIFY ("ID_USER" NOT NULL ENABLE);
  ALTER TABLE "USUARIO01"."USUARIOS" MODIFY ("NOMBRE_USER" NOT NULL ENABLE);
  ALTER TABLE "USUARIO01"."USUARIOS" MODIFY ("CONTRA_USER" NOT NULL ENABLE);
  ALTER TABLE "USUARIO01"."USUARIOS" ADD CONSTRAINT "USUARIOS_PK" PRIMARY KEY ("ID_USER")
  USING INDEX PCTFREE 10 INITRANS 2 MAXTRANS 255 COMPUTE STATISTICS 
  STORAGE(INITIAL 65536 NEXT 1048576 MINEXTENTS 1 MAXEXTENTS 2147483645
  PCTINCREASE 0 FREELISTS 1 FREELIST GROUPS 1
  BUFFER_POOL DEFAULT FLASH_CACHE DEFAULT CELL_FLASH_CACHE DEFAULT)
  TABLESPACE "PROYECTO_CURSO"  ENABLE;
  ALTER TABLE "USUARIO01"."USUARIOS" MODIFY ("ROL" NOT NULL ENABLE);
--------------------------------------------------------
--  Ref Constraints for Table ASIGNARPERSONAJE
--------------------------------------------------------

  ALTER TABLE "USUARIO01"."ASIGNARPERSONAJE" ADD CONSTRAINT "FK_ASIGNARPERSONAJE_ID_PERSONAJE" FOREIGN KEY ("ID_PERSONAJE")
	  REFERENCES "USUARIO01"."PERSONAJES" ("ID_PERSONAJE") ENABLE;
  ALTER TABLE "USUARIO01"."ASIGNARPERSONAJE" ADD CONSTRAINT "FK_ACCESOPERSONAJES_ID_USER" FOREIGN KEY ("ID_USER")
	  REFERENCES "USUARIO01"."USUARIOS" ("ID_USER") ENABLE;
--------------------------------------------------------
--  Ref Constraints for Table MUNDO
--------------------------------------------------------

  ALTER TABLE "USUARIO01"."MUNDO" ADD CONSTRAINT "FK_MUNDO_ID_CATEGORIA" FOREIGN KEY ("ID_CATEGORIA")
	  REFERENCES "USUARIO01"."CATEGORIAS" ("ID_CATEGORIA") ENABLE;
--------------------------------------------------------
--  Ref Constraints for Table PERSONAJES
--------------------------------------------------------

  ALTER TABLE "USUARIO01"."PERSONAJES" ADD CONSTRAINT "FK_PERSONAJES_ID_ARMA" FOREIGN KEY ("ID_ARMA")
	  REFERENCES "USUARIO01"."ARMA" ("ID_ARMA") ENABLE;
--------------------------------------------------------
--  Ref Constraints for Table PREGUNTAS_Y_RESPUESTAS
--------------------------------------------------------

  ALTER TABLE "USUARIO01"."PREGUNTAS_Y_RESPUESTAS" ADD CONSTRAINT "FK_PREGUNTASYRESPUESTAS_ID_CATEGORIA" FOREIGN KEY ("ID_CATEGORIA")
	  REFERENCES "USUARIO01"."CATEGORIAS" ("ID_CATEGORIA") ENABLE;
--------------------------------------------------------
--  Ref Constraints for Table PUNTAJES
--------------------------------------------------------

  ALTER TABLE "USUARIO01"."PUNTAJES" ADD CONSTRAINT "FK_PUNTAJES_ID_MUNDO" FOREIGN KEY ("ID_MUNDO")
	  REFERENCES "USUARIO01"."MUNDO" ("ID_MUNDO") ENABLE;
  ALTER TABLE "USUARIO01"."PUNTAJES" ADD CONSTRAINT "PK_PUNTAJES_ID_USER" FOREIGN KEY ("ID_USER")
	  REFERENCES "USUARIO01"."USUARIOS" ("ID_USER") ENABLE;
--------------------------------------------------------
--  Ref Constraints for Table REPUESTAS_FALSAS
--------------------------------------------------------

  ALTER TABLE "USUARIO01"."REPUESTAS_FALSAS" ADD CONSTRAINT "FK_RESPUESTAS_FALSAS_ID_CATEGORIA" FOREIGN KEY ("ID_CATEGORIA")
	  REFERENCES "USUARIO01"."CATEGORIAS" ("ID_CATEGORIA") ENABLE;
